Team,sum
Sunrisers Hyderabad,1.303
Chennai Super Kings,1.1749999999999996
Mumbai Indians,1.1729999999999998
Kolkata Knight Riders,1.104
Kings XI Punjab,1.095
Royal Challengers Bangalore,1.0619999999999998
Rajasthan Royals,0.8450000000000001
Delhi Daredevils,0.8170000000000003
None,0.19099999999999998
