Team,sum
Chennai Super Kings,1.228
Mumbai Indians,1.1920000000000002
Kolkata Knight Riders,1.1420000000000001
Sunrisers Hyderabad,1.127
Royal Challengers Bangalore,1.0979999999999999
Kings XI Punjab,0.9800000000000001
Rajasthan Royals,0.877
Delhi Daredevils,0.8350000000000003
None,0.20299999999999999
