Team,sum
Kolkata Knight Riders,1.2440000000000002
Mumbai Indians,1.1669999999999998
Chennai Super Kings,1.09
Kings XI Punjab,1.056
Royal Challengers Bangalore,1.002
Sunrisers Hyderabad,0.9930000000000001
Rajasthan Royals,0.9630000000000002
Delhi Daredevils,0.9480000000000002
None,0.22600000000000003
